NO,Original ASF,Rounding ASF,Payment Method_encoded,Channel_encoded,Order ID_encoded,SLS Tracking Number_encoded,Shopee Order SN_encoded,Sort Code Name_encoded,SOC Received time_encoded,OnHoldReason_encoded,Status_encoded,Order Account_encoded,Current Station_encoded,Pickup Station_encoded,Destination Station_encoded,Next Station_encoded
1.0,55900.0,55900.0,0,0,233,677,757,182,877,0,3,0,2,52,67,16
2.0,48800.0,48800.0,0,0,370,643,608,163,882,0,2,0,2,52,35,35
3.0,28400.0,28400.0,0,0,772,413,982,44,886,0,2,0,2,52,121,35
4.0,14700.0,14700.0,1,0,30,773,997,190,795,0,2,0,0,33,98,29
5.0,20300.0,20300.0,1,0,0,245,941,53,768,0,2,2,2,52,106,7
6.0,18300.0,18300.0,0,0,196,375,897,57,775,0,2,2,2,52,24,10
7.0,18300.0,18300.0,1,0,556,842,954,261,742,0,2,2,2,52,145,7
8.0,18300.0,18300.0,0,0,610,251,958,118,788,0,2,2,2,52,54,7
9.0,34600.0,34600.0,1,0,747,327,822,262,132,0,2,2,2,52,99,16
10.0,18300.0,18300.0,0,0,404,169,995,76,523,0,1,0,2,61,157,42
11.0,14200.0,14200.0,1,0,356,836,45,166,961,0,2,2,2,106,62,37
12.0,21300.0,21300.0,0,0,283,697,302,51,657,0,4,0,2,115,16,5
13.0,11000.0,11000.0,1,0,153,385,821,152,801,0,2,1,2,52,76,35
14.0,19000.0,19000.0,0,0,791,127,859,43,881,0,2,1,2,52,156,8
15.0,19800.0,19800.0,1,0,863,224,615,195,652,0,2,0,2,70,44,35
16.0,11200.0,11200.0,0,0,113,559,31,211,952,0,2,2,2,106,85,35
17.0,10100.0,10100.0,0,0,594,924,29,240,948,0,2,2,2,106,20,37
18.0,9100.0,9100.0,0,0,734,652,27,40,955,0,0,2,2,106,103,37
19.0,11500.0,11500.0,0,0,538,932,340,281,532,0,3,1,2,117,96,24
20.0,16200.0,16200.0,1,0,735,578,122,256,629,0,1,2,4,100,42,29
21.0,23400.0,23400.0,1,0,118,829,813,97,576,0,3,2,2,65,42,13
22.0,21300.0,21300.0,0,0,833,473,150,218,580,0,1,2,2,86,157,42
23.0,15200.0,15200.0,1,0,215,674,967,240,845,0,2,2,2,52,20,37
24.0,21300.0,21300.0,1,0,310,974,709,292,826,0,2,2,1,59,155,29
25.0,21300.0,21300.0,0,0,930,65,281,110,649,0,4,2,2,115,30,9
26.0,10100.0,10100.0,0,0,73,630,24,120,956,0,2,2,2,106,9,13
27.0,11200.0,11200.0,0,0,264,982,19,274,960,0,2,2,2,106,130,35
28.0,9100.0,9100.0,1,0,573,776,18,5,962,0,4,2,2,106,5,37
29.0,14700.0,14700.0,0,0,621,233,157,228,623,0,0,0,2,78,118,30
30.0,18300.0,18300.0,0,0,944,433,702,278,794,0,2,0,1,88,112,29
31.0,14700.0,14700.0,1,0,149,137,881,275,630,0,3,0,2,84,153,39
32.0,15700.0,15700.0,0,0,635,851,621,116,653,0,2,0,2,70,138,35
33.0,22300.0,22300.0,0,0,505,202,547,23,577,0,0,2,2,65,79,22
34.0,29400.0,29400.0,1,0,925,412,985,190,559,0,0,0,2,125,98,25
35.0,22300.0,22300.0,1,0,183,67,543,300,330,0,3,0,2,9,61,26
36.0,21300.0,21300.0,1,0,241,532,123,62,208,0,0,2,2,89,38,9
37.0,18300.0,18300.0,1,0,564,138,12,246,529,0,2,2,2,106,133,10
38.0,9100.0,9100.0,0,0,576,418,11,61,515,0,3,2,2,106,98,25
39.0,10100.0,10100.0,0,0,805,712,8,142,945,0,2,2,2,106,149,36
40.0,16200.0,16200.0,0,0,116,458,921,146,14,0,1,0,2,70,73,7
41.0,19800.0,19800.0,1,0,851,451,636,63,692,0,2,0,2,70,44,35
42.0,20300.0,20300.0,0,0,512,909,348,7,588,0,4,2,2,65,7,1
43.0,14700.0,14700.0,1,0,581,484,407,72,386,0,0,0,2,59,120,32
44.0,17200.0,17200.0,0,0,448,377,568,269,442,0,2,2,2,64,107,26
45.0,34400.0,34400.0,0,0,685,678,218,101,772,0,4,2,2,71,79,22
46.0,14700.0,14700.0,0,0,181,371,309,71,477,0,4,0,2,119,118,30
47.0,14200.0,14200.0,0,0,839,339,48,275,696,0,4,0,2,45,153,39
48.0,17200.0,17200.0,0,0,803,625,962,214,220,0,3,2,2,20,109,5
49.0,14700.0,14700.0,0,0,286,992,665,275,30,0,4,0,2,44,153,39
50.0,22400.0,22400.0,0,0,141,73,268,273,575,0,0,2,2,65,152,38
51.0,21300.0,21300.0,0,0,591,864,223,86,597,0,2,2,2,65,38,9
52.0,21300.0,21300.0,0,0,659,189,258,224,578,0,2,2,2,65,38,9
53.0,23400.0,23400.0,0,0,745,62,323,130,622,0,4,2,2,65,64,20
54.0,23400.0,23400.0,0,0,878,7,315,299,598,0,3,2,2,65,52,17
55.0,14700.0,14700.0,1,0,323,642,720,87,102,0,2,0,1,56,39,29
56.0,11500.0,11500.0,1,0,203,661,830,102,502,0,3,1,2,119,45,14
57.0,21300.0,21300.0,0,0,401,503,760,156,409,0,4,2,2,39,98,25
58.0,14700.0,14700.0,1,0,638,316,189,14,262,0,0,0,2,26,10,3
59.0,21300.0,21300.0,1,0,462,425,497,276,359,0,4,2,2,39,112,28
60.0,30400.0,30400.0,0,0,92,154,243,176,116,0,2,2,2,7,111,27
61.0,15200.0,15200.0,0,0,230,108,637,134,124,0,2,2,2,7,111,27
62.0,16200.0,16200.0,0,0,856,455,178,298,18,0,3,2,2,79,157,42
63.0,22300.0,22300.0,1,0,770,689,739,7,266,0,4,0,2,10,7,1
64.0,14700.0,14700.0,1,0,57,922,846,14,250,0,3,0,2,113,10,3
65.0,22300.0,22300.0,0,0,391,707,205,301,597,0,0,2,2,65,79,22
66.0,15200.0,15200.0,0,0,867,551,580,27,651,0,2,2,2,116,16,5
67.0,19800.0,19800.0,1,0,15,266,643,63,647,0,2,0,2,70,44,35
68.0,22300.0,22300.0,0,0,334,454,481,180,445,0,3,2,2,27,79,22
69.0,20300.0,20300.0,0,0,632,987,996,254,818,0,3,2,1,88,112,29
70.0,17300.0,17300.0,0,0,163,359,280,231,387,0,3,2,2,53,120,32
71.0,15200.0,15200.0,1,0,693,804,973,103,732,0,3,2,2,126,33,16
72.0,16200.0,16200.0,0,0,96,39,297,97,811,0,2,2,4,100,42,29
73.0,20300.0,20300.0,1,0,336,155,452,70,21,0,4,2,2,37,30,9
74.0,23400.0,23400.0,1,0,388,594,507,11,27,0,4,2,2,37,16,5
75.0,17300.0,17300.0,1,0,740,119,993,228,46,0,4,2,2,21,118,30
76.0,14700.0,14700.0,1,0,769,70,851,87,323,0,4,0,2,118,39,12
77.0,21300.0,21300.0,1,0,528,542,71,157,24,0,4,0,2,37,70,21
78.0,22300.0,22300.0,1,0,389,482,572,300,537,0,4,0,2,39,61,26
79.0,14700.0,14700.0,1,0,837,240,999,230,255,0,0,0,2,57,119,31
80.0,18300.0,18300.0,0,0,937,287,964,32,212,0,1,0,2,87,19,6
81.0,8500.0,8500.0,0,0,804,271,22,107,128,0,2,1,2,80,64,20
82.0,21300.0,21300.0,0,0,13,398,978,224,408,0,0,2,2,96,38,9
83.0,16200.0,16200.0,1,0,553,214,3,228,688,0,0,2,2,33,118,30
84.0,18300.0,18300.0,1,0,679,616,863,57,534,0,2,2,2,52,24,10
85.0,14000.0,14000.0,1,0,496,569,392,223,460,0,3,1,2,61,117,27
86.0,22300.0,22300.0,0,0,949,639,215,158,668,0,2,2,1,115,79,29
87.0,14700.0,14700.0,0,0,10,668,176,36,444,0,4,0,4,64,48,29
88.0,18300.0,18300.0,1,0,366,835,998,236,572,0,4,0,2,120,112,28
89.0,32500.0,32500.0,0,0,382,694,603,202,246,0,2,0,2,94,102,16
90.0,34600.0,34600.0,1,0,681,853,815,286,236,0,2,2,2,63,124,35
91.0,22300.0,22300.0,0,0,11,834,763,89,290,0,1,0,2,43,149,36
92.0,14700.0,14700.0,1,0,832,126,410,159,103,0,1,0,1,57,80,29
93.0,14700.0,14700.0,1,0,416,785,766,71,605,0,0,0,2,55,118,30
94.0,16200.0,16200.0,1,0,502,175,207,207,631,0,3,2,4,100,61,29
95.0,22300.0,22300.0,0,0,950,392,808,297,584,0,3,0,2,55,70,21
96.0,14700.0,14700.0,0,0,717,754,735,228,616,0,4,0,2,55,118,30
97.0,11700.0,11700.0,1,0,138,401,25,263,958,0,2,0,2,106,146,7
98.0,17200.0,17200.0,1,0,255,767,624,244,522,0,2,0,2,106,133,10
99.0,26400.0,26400.0,1,0,342,920,13,186,526,0,2,0,2,106,83,16
100.0,11600.0,11600.0,1,0,683,247,586,30,528,0,2,0,2,106,18,10
101.0,26400.0,26400.0,1,0,806,498,72,171,517,0,2,0,2,106,60,16
102.0,14700.0,14700.0,0,0,897,324,756,228,607,0,0,0,2,55,118,30
103.0,25400.0,25400.0,1,0,935,456,70,48,524,0,2,0,2,106,87,7
104.0,14700.0,14700.0,0,0,34,355,689,228,595,0,0,0,2,55,118,30
105.0,14700.0,14700.0,1,0,171,555,676,232,591,0,0,0,2,55,119,31
106.0,23400.0,23400.0,0,0,315,869,753,9,427,0,2,2,2,124,9,13
107.0,21300.0,21300.0,1,0,419,709,706,198,425,0,4,2,2,124,136,34
108.0,14700.0,14700.0,1,0,506,560,695,229,599,0,0,0,2,55,120,32
109.0,21300.0,21300.0,0,0,742,844,837,292,434,0,4,2,2,124,155,41
110.0,17300.0,17300.0,1,0,847,771,875,71,518,0,0,2,2,124,118,30
111.0,17300.0,17300.0,1,0,879,645,787,228,429,0,0,2,2,124,118,30
112.0,14700.0,14700.0,0,0,880,624,664,230,610,0,0,0,2,55,119,31
113.0,12000.0,12000.0,1,0,194,547,107,192,654,0,2,1,4,46,107,29
114.0,22300.0,22300.0,0,0,639,703,95,149,33,0,2,0,2,117,64,20
115.0,14700.0,14700.0,0,0,204,609,201,87,666,0,4,0,2,115,39,12
116.0,22300.0,22300.0,1,0,767,882,656,189,606,0,2,0,2,55,70,21
117.0,22400.0,22400.0,0,0,882,370,658,273,626,0,4,2,2,55,152,38
118.0,14700.0,14700.0,1,0,50,705,593,229,593,0,0,0,2,55,120,32
119.0,22300.0,22300.0,0,0,776,363,437,142,548,0,1,0,2,43,149,36
120.0,14700.0,14700.0,1,0,666,188,577,275,611,0,0,0,2,55,153,39
121.0,23400.0,23400.0,0,0,698,300,990,155,832,0,2,2,1,53,42,29
122.0,17300.0,17300.0,0,0,449,299,2,231,541,0,0,2,2,56,120,32
123.0,22300.0,22300.0,0,0,332,80,855,157,83,0,3,0,2,108,70,21
124.0,22300.0,22300.0,0,0,477,722,525,272,586,0,4,0,2,55,37,26
125.0,14700.0,14700.0,0,0,725,856,522,87,581,0,3,0,2,55,39,12
126.0,21500.0,21500.0,0,0,42,715,458,21,620,0,3,0,2,55,2,0
127.0,22300.0,22300.0,0,0,493,58,462,210,609,0,2,0,2,55,107,26
128.0,14700.0,14700.0,0,0,830,897,456,231,589,0,0,0,2,55,120,32
129.0,21500.0,21500.0,0,0,895,657,489,93,583,0,3,0,2,55,2,0
130.0,23400.0,23400.0,1,0,988,629,731,155,503,0,4,2,2,122,42,13
131.0,22300.0,22300.0,1,0,716,409,728,185,272,0,3,0,2,120,96,24
132.0,10100.0,10100.0,1,0,814,306,175,272,824,0,2,2,2,49,37,11
133.0,9100.0,9100.0,0,0,960,280,192,296,258,0,3,2,2,49,30,9
134.0,46800.0,46800.0,0,0,991,700,734,281,253,0,4,2,2,57,96,24
135.0,14700.0,14700.0,1,0,175,372,368,14,617,0,4,0,2,55,10,3
136.0,22300.0,22300.0,0,0,109,231,362,83,615,0,3,0,1,55,107,29
137.0,22400.0,22400.0,1,0,719,476,227,86,243,0,2,2,2,14,38,9
138.0,14700.0,14700.0,1,0,122,619,290,87,624,0,4,0,2,55,39,12
139.0,22300.0,22300.0,0,0,397,571,285,248,603,0,3,0,2,55,52,17
140.0,22300.0,22300.0,0,0,687,938,259,37,602,0,2,0,2,55,107,26
141.0,22400.0,22400.0,0,0,628,716,856,153,263,0,0,2,2,28,30,9
142.0,21300.0,21300.0,1,0,340,998,442,24,447,0,3,2,2,98,155,41
143.0,22300.0,22300.0,0,0,385,903,224,157,592,0,3,0,2,55,70,21
144.0,66900.0,66900.0,1,0,491,662,980,216,86,0,3,0,2,21,111,27
145.0,17300.0,17300.0,1,0,378,529,221,275,618,0,4,2,2,55,153,39
146.0,17300.0,17300.0,1,0,592,952,209,190,604,0,0,2,2,55,98,25
147.0,21500.0,21500.0,1,0,858,706,216,276,582,0,3,0,2,55,112,28
148.0,22300.0,22300.0,0,0,945,123,217,174,596,0,2,0,2,55,42,13
149.0,14700.0,14700.0,1,0,970,211,202,87,608,0,0,0,2,55,39,12
150.0,51600.0,51600.0,0,0,797,37,344,105,379,0,2,2,2,110,70,21
151.0,16200.0,16200.0,0,0,105,131,723,78,95,0,3,0,2,25,112,28
152.0,14700.0,14700.0,0,0,86,893,188,275,600,0,0,0,2,55,153,39
153.0,44600.0,44600.0,1,0,328,623,994,282,90,0,3,0,1,74,107,29
154.0,14700.0,14700.0,1,0,889,21,117,87,9,0,4,0,2,56,39,12
155.0,14700.0,14700.0,1,0,115,218,974,275,306,0,0,0,2,27,153,39
156.0,26400.0,26400.0,0,0,909,290,354,284,639,0,4,2,2,32,79,22
157.0,14700.0,14700.0,0,0,72,579,953,87,79,0,4,0,2,108,39,12
158.0,14700.0,14700.0,0,0,877,730,170,159,661,0,2,0,1,115,80,29
159.0,21300.0,21300.0,0,0,827,676,646,122,421,0,4,2,2,124,55,18
160.0,22400.0,22400.0,1,0,900,274,651,269,424,0,4,2,2,124,107,26
161.0,22400.0,22400.0,0,0,953,318,596,98,423,0,4,2,2,124,16,5
162.0,18300.0,18300.0,0,0,640,85,74,183,16,0,2,0,2,13,136,34
163.0,18300.0,18300.0,1,0,365,879,240,136,543,0,1,0,2,43,19,6
164.0,22300.0,22300.0,0,0,948,440,208,161,295,0,4,0,2,43,61,26
165.0,22300.0,22300.0,1,0,51,428,857,9,143,0,3,0,2,57,9,13
166.0,17300.0,17300.0,0,0,780,15,992,285,5,0,4,2,2,21,80,23
167.0,18300.0,18300.0,0,0,208,267,98,136,376,0,1,0,2,43,19,6
168.0,14700.0,14700.0,0,0,85,467,680,87,254,0,1,0,1,57,39,29
169.0,18300.0,18300.0,0,0,453,36,391,249,335,0,3,0,2,9,136,34
170.0,14700.0,14700.0,1,0,828,528,685,153,800,0,2,0,1,127,80,29
171.0,14700.0,14700.0,1,0,160,637,20,159,585,0,4,0,2,65,80,23
172.0,18300.0,18300.0,1,0,826,295,541,236,601,0,3,0,2,65,112,28
173.0,22400.0,22400.0,0,0,52,847,411,273,144,0,4,2,2,42,152,38
174.0,14700.0,14700.0,1,0,704,403,858,231,587,0,0,0,2,55,120,32
175.0,21300.0,21300.0,0,0,789,209,972,153,971,0,2,2,1,39,30,29
176.0,21300.0,21300.0,1,0,708,426,567,111,269,0,0,2,2,72,30,9
177.0,22300.0,22300.0,0,0,69,820,26,85,702,0,1,0,1,6,111,29
178.0,14700.0,14700.0,1,0,240,393,786,190,111,0,0,0,2,29,98,25
179.0,14700.0,14700.0,1,0,825,993,984,87,490,0,3,0,2,89,39,12
180.0,18300.0,18300.0,0,0,242,384,626,50,133,0,1,0,1,91,55,29
181.0,22300.0,22300.0,1,0,158,16,581,64,271,0,2,0,2,72,9,13
182.0,24000.0,24000.0,1,0,274,238,552,258,957,0,2,1,2,106,143,35
183.0,8500.0,8500.0,1,0,567,19,684,104,953,0,2,1,2,106,103,37
184.0,9000.0,9000.0,1,0,605,501,41,249,521,0,2,1,2,106,136,34
185.0,8000.0,8000.0,1,0,655,636,10,69,954,0,3,1,2,106,52,17
186.0,14700.0,14700.0,1,0,768,612,991,47,13,0,2,0,1,91,10,29
187.0,14700.0,14700.0,1,0,697,386,61,285,292,0,3,0,2,43,80,23
188.0,14200.0,14200.0,0,0,983,514,34,106,115,0,2,2,2,80,111,27
189.0,23400.0,23400.0,0,0,293,208,433,256,433,0,4,2,2,124,42,13
190.0,21300.0,21300.0,0,0,432,601,463,156,512,0,4,2,2,124,98,25
191.0,20300.0,20300.0,0,0,420,307,989,184,727,0,2,2,0,113,55,29
192.0,44600.0,44600.0,1,0,45,866,214,60,239,0,4,0,1,56,64,29
193.0,17200.0,17200.0,0,0,130,737,272,176,225,0,2,2,2,110,111,27
194.0,40600.0,40600.0,0,0,276,997,779,16,753,0,2,0,2,94,125,16
195.0,39600.0,39600.0,0,0,510,919,432,237,747,0,2,0,2,94,126,16
196.0,11600.0,11600.0,1,0,916,431,488,29,756,0,2,0,2,94,18,10
197.0,22300.0,22300.0,1,0,260,606,375,134,331,0,4,0,2,9,111,27
198.0,14700.0,14700.0,1,0,254,344,187,131,300,0,2,0,2,104,61,19
199.0,18300.0,18300.0,0,0,915,17,966,76,320,0,4,0,2,27,157,42
200.0,18300.0,18300.0,1,0,613,675,104,236,496,0,3,0,2,127,112,28
201.0,16200.0,16200.0,0,0,412,649,444,254,395,0,4,0,2,35,112,28
202.0,32400.0,32400.0,0,0,680,78,431,78,411,0,2,0,1,35,112,29
203.0,16200.0,16200.0,0,0,986,470,361,24,402,0,1,0,1,35,155,29
204.0,18300.0,18300.0,0,0,98,508,46,1,916,0,2,2,1,119,2,29
205.0,16200.0,16200.0,1,0,984,430,650,42,619,0,0,2,2,79,152,38
206.0,21300.0,21300.0,0,0,6,942,965,156,219,0,4,2,2,82,98,25
207.0,162000.0,162000.0,0,0,410,911,17,254,12,0,3,0,2,89,112,28
208.0,14700.0,14700.0,1,0,665,0,956,275,507,0,4,0,2,109,153,39
209.0,22300.0,22300.0,1,0,764,158,955,134,508,0,4,0,2,109,111,27
210.0,22400.0,22400.0,0,0,552,242,769,216,58,0,2,2,2,12,111,27
211.0,22400.0,22400.0,1,0,320,586,686,61,108,0,2,2,2,12,30,9
212.0,34600.0,34600.0,1,0,216,203,970,231,436,0,1,2,1,119,120,29
213.0,16200.0,16200.0,0,0,186,984,40,232,773,0,2,2,0,78,119,29
214.0,17300.0,17300.0,1,0,189,727,903,231,476,0,3,2,1,57,120,29
215.0,18300.0,18300.0,0,0,852,910,366,109,561,0,3,0,2,65,55,18
216.0,16200.0,16200.0,1,0,152,830,853,265,17,0,3,2,2,79,37,26
217.0,22300.0,22300.0,0,0,308,877,119,75,398,0,3,0,1,35,96,29
218.0,34600.0,34600.0,1,0,383,256,975,231,416,0,1,2,1,119,120,29
219.0,22300.0,22300.0,0,0,823,556,499,215,396,0,4,0,2,35,7,1
220.0,34600.0,34600.0,1,0,300,854,969,231,435,0,1,2,1,119,120,29
221.0,22400.0,22400.0,0,0,952,667,701,216,570,0,4,2,2,87,111,27
222.0,17300.0,17300.0,0,0,451,850,347,159,438,0,0,2,2,124,80,23
223.0,22300.0,22300.0,0,0,643,417,360,46,426,0,3,2,1,124,79,29
224.0,20300.0,20300.0,1,0,211,319,587,149,110,0,0,0,2,2,64,20
225.0,11600.0,11600.0,1,0,55,883,988,54,719,0,2,0,2,0,131,7
226.0,29400.0,29400.0,1,0,436,749,533,228,536,0,4,0,2,123,118,30
227.0,44600.0,44600.0,0,0,549,429,448,239,76,0,4,0,2,35,111,27
228.0,42600.0,42600.0,0,0,963,278,53,112,65,0,4,0,2,35,38,9
229.0,29400.0,29400.0,1,0,530,226,523,14,535,0,4,0,2,123,10,3
230.0,14700.0,14700.0,0,0,22,693,6,14,590,0,1,0,1,65,10,29
231.0,44600.0,44600.0,0,0,962,357,59,4,563,0,3,0,1,65,64,29
232.0,29400.0,29400.0,1,0,997,72,49,87,560,0,4,0,2,65,39,12
233.0,17200.0,17200.0,0,0,124,946,703,175,75,0,0,2,2,94,128,2
234.0,22300.0,22300.0,1,0,727,757,987,65,691,0,4,0,2,53,149,36
235.0,8100.0,8100.0,1,0,457,812,601,14,745,0,3,0,2,73,10,3
236.0,20300.0,20300.0,0,0,348,852,165,138,61,0,4,0,2,2,11,4
237.0,22400.0,22400.0,0,0,357,180,5,225,565,0,3,2,2,65,117,27
238.0,15700.0,15700.0,0,0,54,4,696,204,821,0,2,0,2,70,135,35
239.0,54800.0,54800.0,0,0,58,610,199,0,792,0,3,0,2,70,1,8
240.0,22300.0,22300.0,0,0,191,166,986,83,92,0,4,0,2,27,107,26
241.0,42600.0,42600.0,0,0,225,585,105,302,78,0,4,2,2,35,30,9
242.0,21300.0,21300.0,0,0,287,83,376,35,810,0,2,0,2,70,49,7
243.0,32500.0,32500.0,0,0,956,873,528,187,413,0,2,0,2,70,97,16
244.0,20300.0,20300.0,0,0,368,679,865,105,94,0,2,0,2,113,70,21
245.0,14700.0,14700.0,1,0,969,488,561,275,107,0,3,0,2,2,153,39
246.0,18300.0,18300.0,1,0,425,90,949,122,303,0,4,0,2,86,55,18
247.0,14700.0,14700.0,1,0,439,907,460,153,554,0,4,0,2,66,80,23
248.0,12000.0,12000.0,0,0,850,530,612,96,412,0,4,1,2,66,64,20
249.0,13000.0,13000.0,0,0,70,35,799,50,381,0,4,1,2,26,55,18
250.0,14500.0,14500.0,1,0,80,84,472,27,813,0,2,1,1,26,16,29
251.0,14000.0,14000.0,0,0,129,561,933,216,648,0,2,1,1,26,111,29
252.0,12000.0,12000.0,0,0,223,382,610,60,665,0,3,1,1,26,64,29
253.0,12000.0,12000.0,0,0,256,129,293,60,655,0,2,1,1,26,64,29
254.0,12500.0,12500.0,0,0,292,434,824,188,378,0,4,1,2,26,7,1
255.0,12000.0,12000.0,0,0,321,490,638,60,650,0,0,1,2,26,64,20
256.0,12500.0,12500.0,1,0,367,965,722,210,644,0,2,1,1,26,107,29
257.0,12000.0,12000.0,1,0,390,841,396,60,659,0,0,1,2,26,64,20
258.0,12500.0,12500.0,1,0,402,116,486,83,673,0,2,1,1,26,107,29
259.0,12000.0,12000.0,0,0,405,747,623,60,662,0,0,1,2,26,64,20
260.0,12000.0,12000.0,0,0,452,543,298,60,658,0,0,1,2,26,64,20
261.0,12500.0,12500.0,1,0,602,485,691,281,361,0,4,1,2,26,96,24
262.0,13000.0,13000.0,1,0,751,620,82,4,356,0,2,1,1,26,64,29
263.0,12000.0,12000.0,1,0,896,408,324,60,667,0,0,1,2,26,64,20
264.0,21300.0,21300.0,0,0,39,201,308,184,415,0,4,2,2,124,55,18
265.0,23000.0,23000.0,0,0,285,310,311,79,421,0,3,2,1,124,107,29
266.0,22400.0,22400.0,0,0,712,95,81,174,399,0,4,2,2,35,42,13
267.0,21300.0,21300.0,0,0,139,604,153,224,404,0,3,2,1,35,38,29
268.0,42600.0,42600.0,0,0,232,595,579,110,394,0,3,2,1,35,30,29
269.0,18300.0,18300.0,1,0,855,29,977,183,256,0,2,0,2,30,136,34
270.0,14700.0,14700.0,1,0,148,368,743,230,55,0,0,0,2,12,119,31
271.0,10100.0,10100.0,1,0,291,644,712,105,744,0,2,2,2,94,70,21
272.0,22300.0,22300.0,1,0,339,819,112,110,59,0,0,0,2,12,30,9
273.0,22300.0,22300.0,1,0,392,896,798,19,557,0,4,0,2,66,45,14
274.0,22300.0,22300.0,1,0,575,120,307,27,730,0,2,0,1,66,16,29
275.0,22300.0,22300.0,0,0,231,216,4,189,495,0,3,0,1,127,70,29
276.0,22300.0,22300.0,1,0,675,584,549,155,549,0,1,0,1,66,42,29
277.0,22400.0,22400.0,1,0,140,217,350,61,238,0,2,2,2,14,30,9
278.0,14700.0,14700.0,1,0,29,723,278,77,499,0,0,0,2,109,120,32
279.0,22300.0,22300.0,0,0,135,146,401,75,499,0,3,0,2,109,96,24
280.0,22300.0,22300.0,0,0,235,463,76,221,499,0,3,0,2,109,16,5
281.0,14700.0,14700.0,0,0,262,419,716,190,499,0,4,0,2,109,98,25
282.0,22300.0,22300.0,0,0,787,803,103,121,499,0,2,0,2,109,9,13
283.0,44600.0,44600.0,1,0,800,187,765,110,479,0,4,0,2,30,30,9
284.0,11500.0,11500.0,1,0,314,261,669,185,180,0,4,1,2,66,96,24
285.0,22300.0,22300.0,1,0,345,527,0,102,260,0,3,0,2,87,45,14
286.0,24400.0,24400.0,0,0,647,460,742,12,252,0,0,0,2,6,79,22
287.0,18200.0,18200.0,0,0,20,333,759,6,737,0,2,2,4,1,154,29
288.0,18300.0,18300.0,1,0,108,160,979,160,77,0,3,0,2,107,48,15
289.0,14700.0,14700.0,0,0,470,871,253,71,567,0,4,0,2,65,118,30
290.0,21300.0,21300.0,1,0,972,335,909,153,863,0,3,2,1,27,30,29
291.0,36600.0,36600.0,0,0,83,545,262,235,237,0,4,0,1,56,112,29
292.0,29400.0,29400.0,1,0,261,849,294,229,251,0,4,0,2,56,120,32
293.0,14700.0,14700.0,0,0,483,474,793,14,354,0,0,0,2,42,10,3
294.0,21300.0,21300.0,0,0,44,496,802,34,28,0,3,2,2,43,30,9
295.0,17300.0,17300.0,1,0,236,769,919,159,22,0,3,2,2,43,80,23
296.0,21300.0,21300.0,0,0,353,323,904,110,23,0,3,2,2,43,30,9
297.0,22300.0,22300.0,0,0,441,332,983,284,29,0,3,2,2,43,79,22
298.0,21300.0,21300.0,0,0,500,517,814,34,25,0,0,2,2,43,30,9
299.0,21300.0,21300.0,0,0,684,378,861,156,26,0,0,2,2,43,98,25
300.0,22300.0,22300.0,1,0,354,125,438,270,147,0,1,0,2,117,149,36
301.0,18300.0,18300.0,1,0,785,133,331,235,254,0,1,0,1,57,112,29
302.0,22400.0,22400.0,0,0,322,744,451,134,362,0,2,2,2,42,111,27
303.0,11000.0,11000.0,1,0,533,617,564,141,122,0,3,1,2,2,96,24
304.0,23400.0,23400.0,1,0,583,77,412,102,360,0,3,2,2,42,45,14
305.0,14700.0,14700.0,1,0,631,222,558,47,123,0,3,0,1,12,10,29
306.0,22300.0,22300.0,0,0,743,288,595,265,97,0,3,0,1,12,37,29
307.0,14700.0,14700.0,1,0,499,967,373,232,574,0,3,0,2,65,119,31
308.0,44600.0,44600.0,0,0,904,995,395,84,254,0,3,0,2,57,37,26
309.0,14700.0,14700.0,1,0,121,904,833,71,221,0,3,0,2,16,118,30
310.0,11000.0,11000.0,1,0,363,87,66,69,126,0,3,1,2,2,52,17
311.0,14700.0,14700.0,1,0,511,523,981,231,70,0,0,0,2,74,120,32
312.0,14700.0,14700.0,1,0,224,507,131,87,218,0,3,0,2,113,39,12
313.0,17300.0,17300.0,0,0,305,329,805,87,527,0,4,2,2,55,39,12
314.0,14700.0,14700.0,1,0,146,901,674,159,539,0,4,0,2,95,80,23
315.0,16200.0,16200.0,1,0,289,934,539,24,36,0,3,0,2,12,155,41
316.0,26000.0,26000.0,1,0,18,406,261,255,328,0,2,1,2,70,6,16
317.0,18300.0,18300.0,0,0,372,887,959,268,759,0,2,2,2,52,73,7
318.0,21300.0,21300.0,0,0,63,742,688,292,778,0,2,2,1,87,155,29
319.0,21300.0,21300.0,0,0,74,626,421,112,735,0,2,2,1,87,38,29
320.0,17300.0,17300.0,1,0,177,783,365,275,807,0,2,2,1,87,153,29
321.0,22400.0,22400.0,0,0,568,526,406,210,804,0,3,2,1,87,107,29
322.0,21300.0,21300.0,0,0,649,936,754,241,968,0,4,2,1,87,11,29
323.0,21300.0,21300.0,0,0,696,147,369,156,740,0,2,2,1,87,98,29
324.0,21300.0,21300.0,0,0,773,692,403,156,752,0,2,2,1,87,98,29
325.0,23400.0,23400.0,0,0,476,848,740,105,431,0,4,2,2,124,70,21
326.0,21300.0,21300.0,0,0,648,114,761,112,441,0,4,2,2,124,38,9
327.0,66900.0,66900.0,0,0,923,822,951,59,8,0,2,0,2,30,149,36
328.0,16200.0,16200.0,0,0,570,415,741,59,63,0,1,2,2,131,149,36
329.0,22300.0,22300.0,0,0,703,512,877,83,967,0,4,0,1,87,107,29
330.0,14700.0,14700.0,1,0,775,502,907,275,380,0,4,0,2,24,153,39
331.0,14700.0,14700.0,1,0,947,286,339,153,808,0,2,0,1,87,80,29
332.0,9100.0,9100.0,0,0,888,134,599,297,791,0,2,2,2,52,70,21
333.0,12500.0,12500.0,1,0,527,726,206,210,831,0,2,1,1,61,107,29
334.0,18300.0,18300.0,1,0,298,263,976,32,612,0,2,0,1,65,19,29
335.0,9100.0,9100.0,1,0,271,618,602,144,743,0,2,2,2,52,70,21
336.0,18300.0,18300.0,1,0,173,944,429,76,261,0,1,0,2,56,157,42
337.0,22300.0,22300.0,0,0,670,953,495,210,270,0,4,0,2,56,107,26
338.0,23400.0,23400.0,1,0,478,68,630,113,430,0,4,2,2,124,52,17
339.0,14200.0,14200.0,1,0,798,107,817,107,140,0,2,2,2,102,64,20
340.0,20300.0,20300.0,1,0,137,48,797,130,48,0,1,2,1,29,64,29
341.0,14700.0,14700.0,1,0,62,806,944,14,547,0,0,0,2,66,10,3
342.0,152000.0,152000.0,0,0,471,930,230,22,786,0,0,0,2,70,50,35
343.0,32400.0,32400.0,0,0,783,140,78,209,223,0,1,0,2,70,105,7
344.0,42600.0,42600.0,0,0,795,979,68,135,787,0,0,0,2,70,46,2
345.0,18300.0,18300.0,0,0,595,739,430,278,686,0,3,0,1,27,112,29
346.0,17200.0,17200.0,1,0,862,905,441,14,681,0,3,2,1,27,10,29
347.0,22400.0,22400.0,1,0,217,259,545,185,677,0,3,2,1,27,96,29
348.0,9100.0,9100.0,0,0,106,448,631,297,746,0,2,2,2,52,70,21
349.0,22400.0,22400.0,1,0,650,925,687,97,679,0,3,2,1,27,42,29
350.0,20300.0,20300.0,1,0,318,640,726,2,678,0,2,2,1,27,112,29
351.0,22400.0,22400.0,0,0,369,945,744,218,680,0,3,2,1,27,157,29
352.0,14700.0,14700.0,1,0,17,576,1,14,736,0,2,0,1,65,10,29
353.0,14700.0,14700.0,1,0,35,704,961,232,812,0,4,0,1,29,119,29
354.0,22300.0,22300.0,1,0,884,646,871,59,776,0,4,0,1,29,149,29
355.0,9100.0,9100.0,0,0,975,159,640,144,782,0,2,2,2,52,70,21
356.0,17200.0,17200.0,1,0,319,788,939,190,242,0,0,2,2,27,98,25
357.0,22400.0,22400.0,1,0,977,958,900,110,685,0,3,2,1,27,30,29
358.0,14700.0,14700.0,1,0,646,182,173,159,672,0,4,0,2,115,80,23
359.0,21300.0,21300.0,1,0,458,977,783,272,81,0,3,0,2,37,37,26
360.0,22400.0,22400.0,1,0,352,651,183,111,153,0,4,2,2,12,30,9
361.0,21300.0,21300.0,0,0,978,827,504,156,245,0,0,2,2,56,98,25
362.0,21300.0,21300.0,0,0,337,544,301,76,414,0,3,2,2,124,157,42
363.0,16200.0,16200.0,0,0,275,826,54,254,155,0,3,0,2,115,112,28
364.0,19200.0,19200.0,0,0,980,151,971,84,805,0,0,2,4,1,37,29
365.0,21300.0,21300.0,0,0,636,691,655,216,93,0,2,2,2,34,111,27
366.0,18300.0,18300.0,0,0,280,303,327,50,641,0,3,0,1,76,55,29
367.0,21300.0,21300.0,1,0,59,779,791,292,277,0,4,2,2,97,155,41
368.0,21300.0,21300.0,0,0,589,708,681,241,530,0,4,0,2,97,11,4
369.0,85200.0,85200.0,1,0,222,453,94,103,790,0,3,2,2,70,33,16
370.0,10100.0,10100.0,1,0,822,876,380,188,825,0,3,2,2,70,7,1
371.0,9100.0,9100.0,0,0,46,493,848,144,750,0,2,2,2,52,70,21
372.0,16200.0,16200.0,1,0,179,814,845,288,125,0,3,2,2,41,154,40
373.0,22300.0,22300.0,0,0,415,100,573,19,621,0,3,0,2,117,45,14
374.0,18300.0,18300.0,1,0,761,438,963,32,645,0,3,0,1,6,19,29
375.0,16200.0,16200.0,0,0,741,734,968,137,113,0,2,0,2,70,94,10
376.0,16200.0,16200.0,1,0,47,109,100,87,64,0,0,2,2,12,39,12
377.0,15200.0,15200.0,1,0,660,181,86,232,106,0,0,2,2,12,119,31
378.0,14700.0,14700.0,1,0,326,136,889,275,531,0,0,0,2,117,153,39
379.0,16200.0,16200.0,0,0,958,860,79,159,98,0,3,2,1,12,80,29
380.0,15200.0,15200.0,1,0,252,902,65,232,152,0,4,2,2,12,119,31
381.0,44600.0,44600.0,1,0,312,605,116,299,207,0,1,0,2,12,52,17
382.0,14700.0,14700.0,1,0,469,963,88,159,114,0,3,0,1,12,80,29
383.0,14700.0,14700.0,1,0,550,966,111,275,99,0,3,0,1,12,153,29
384.0,16200.0,16200.0,0,0,982,720,75,21,112,0,3,0,1,12,2,29
385.0,17200.0,17200.0,0,0,474,447,42,302,780,0,1,2,4,47,30,29
386.0,20300.0,20300.0,0,0,853,331,231,65,146,0,2,2,2,41,149,36
387.0,22300.0,22300.0,1,0,145,782,908,210,397,0,2,0,2,39,107,26
388.0,14700.0,14700.0,0,0,444,174,390,275,393,0,0,0,2,39,153,39
389.0,22300.0,22300.0,1,0,301,701,925,23,709,0,2,2,1,56,79,29
390.0,22400.0,22400.0,0,0,657,139,69,131,253,0,4,2,2,57,61,26
391.0,22300.0,22300.0,1,0,167,479,901,121,105,0,3,0,2,9,9,13
392.0,20300.0,20300.0,0,0,543,395,717,9,817,0,2,2,0,114,9,29
393.0,22300.0,22300.0,1,0,762,960,57,273,671,0,2,2,1,115,152,29
394.0,15700.0,15700.0,0,0,26,638,400,251,710,0,2,0,2,70,137,35
395.0,22300.0,22300.0,1,0,127,650,795,156,417,0,2,0,0,6,98,29
396.0,14700.0,14700.0,0,0,546,713,384,228,972,0,0,0,1,56,118,29
397.0,18300.0,18300.0,0,0,911,760,211,183,516,0,4,0,2,97,136,34
398.0,22400.0,22400.0,0,0,971,500,356,115,520,0,0,2,2,97,152,38
399.0,14700.0,14700.0,0,0,609,859,335,229,274,0,4,0,2,97,120,32
400.0,36600.0,36600.0,1,0,307,176,162,173,393,0,3,0,2,39,136,34
401.0,14700.0,14700.0,1,0,523,184,182,232,829,0,2,0,1,39,119,29
402.0,17300.0,17300.0,0,0,90,756,213,229,422,0,4,2,2,124,120,32
403.0,21300.0,21300.0,0,0,333,746,171,86,420,0,1,2,1,124,38,29
404.0,18300.0,18300.0,1,0,954,234,801,249,286,0,2,2,2,77,136,34
405.0,44100.0,44100.0,0,0,993,989,639,190,37,0,1,0,1,92,98,29
406.0,12500.0,12500.0,1,0,9,191,232,84,949,0,4,1,1,74,37,29
407.0,11500.0,11500.0,1,0,150,198,28,270,365,0,4,1,2,74,149,36
408.0,12000.0,12000.0,1,0,706,898,134,4,178,0,3,1,2,74,64,20
409.0,11000.0,11000.0,1,0,239,320,295,235,280,0,3,1,2,74,112,28
410.0,14700.0,14700.0,1,0,661,950,583,275,324,0,3,0,2,50,153,39
411.0,12500.0,12500.0,0,0,641,664,333,282,731,0,2,1,1,74,107,29
412.0,21300.0,21300.0,1,0,844,881,15,130,813,0,1,2,4,85,64,29
413.0,23400.0,23400.0,1,0,968,855,249,185,430,0,3,2,2,19,96,24
414.0,21300.0,21300.0,0,0,43,784,241,216,156,0,4,0,2,115,111,27
415.0,22300.0,22300.0,0,0,829,719,727,300,142,0,3,0,2,60,61,26
416.0,22300.0,22300.0,1,0,608,321,867,4,321,0,4,0,1,123,64,29
417.0,22400.0,22400.0,1,0,178,728,869,156,865,0,4,2,1,6,98,29
418.0,23400.0,23400.0,0,0,434,491,482,270,244,0,1,2,2,59,149,36
419.0,21300.0,21300.0,0,0,182,239,244,224,346,0,2,2,2,72,38,9
420.0,22300.0,22300.0,1,0,541,23,774,281,60,0,3,0,0,55,96,29
421.0,22300.0,22300.0,1,0,273,714,159,156,853,0,3,0,1,24,98,29
422.0,22300.0,22300.0,1,0,644,613,790,156,417,0,2,0,0,6,98,29
423.0,18300.0,18300.0,0,0,645,655,346,32,341,0,4,0,2,24,19,6
424.0,15500.0,15500.0,1,0,642,534,633,288,118,0,4,1,2,12,154,40
425.0,14700.0,14700.0,1,0,617,752,945,230,68,0,0,0,2,113,119,31
426.0,29400.0,29400.0,1,0,865,741,478,87,544,0,4,0,2,97,39,12
427.0,22300.0,22300.0,0,0,707,557,714,105,403,0,2,0,2,96,70,21
428.0,22300.0,22300.0,1,0,554,711,512,144,403,0,2,0,2,96,70,21
429.0,14700.0,14700.0,1,0,243,614,943,14,96,0,3,0,2,122,10,3
430.0,10100.0,10100.0,0,0,394,970,893,110,715,0,2,2,2,68,30,9
431.0,16200.0,16200.0,0,0,749,477,367,288,638,0,2,2,0,78,154,29
432.0,11100.0,11100.0,0,0,757,91,960,76,713,0,2,2,5,8,157,29
433.0,21300.0,21300.0,0,0,24,142,237,35,307,0,1,0,2,70,49,7
434.0,32500.0,32500.0,0,0,547,81,186,262,382,0,2,0,2,70,99,16
435.0,32500.0,32500.0,0,0,860,956,185,262,358,0,2,0,2,70,99,16
436.0,23300.0,23300.0,0,0,8,758,930,1,50,0,3,2,2,23,2,0
437.0,22300.0,22300.0,0,0,91,18,737,142,136,0,3,0,2,124,149,36
438.0,10100.0,10100.0,0,0,669,671,342,218,35,0,3,2,2,94,19,6
439.0,18200.0,18200.0,0,0,168,452,721,185,287,0,2,2,2,77,96,24
440.0,18300.0,18300.0,1,0,277,825,715,298,177,0,3,0,2,122,157,42
441.0,23400.0,23400.0,0,0,68,660,847,142,493,0,1,2,2,56,149,36
442.0,22300.0,22300.0,1,0,755,196,314,97,390,0,3,0,2,99,42,13
443.0,156100.0,156100.0,0,0,205,698,236,273,400,0,1,2,1,10,152,29
444.0,11600.0,11600.0,0,0,927,575,490,260,484,0,2,0,2,94,27,10
445.0,22400.0,22400.0,1,0,446,212,464,97,235,0,3,2,1,92,42,29
446.0,21300.0,21300.0,0,0,892,926,43,15,675,0,4,0,2,115,11,4
447.0,15700.0,15700.0,1,0,249,3,950,259,684,0,2,0,2,70,144,35
448.0,17300.0,17300.0,1,0,417,380,878,190,566,0,0,2,2,65,98,25
449.0,15700.0,15700.0,0,0,3,787,121,208,819,0,0,0,2,70,77,35
450.0,42200.0,42200.0,0,0,210,282,52,18,849,0,2,0,2,70,88,16
451.0,19800.0,19800.0,1,0,489,275,37,123,878,0,2,0,2,70,56,35
452.0,19800.0,19800.0,0,0,701,933,101,3,874,0,2,0,2,70,4,35
453.0,31500.0,31500.0,0,0,711,304,14,148,793,0,3,0,2,70,72,16
454.0,32500.0,32500.0,0,0,377,170,39,143,257,0,2,0,2,70,21,16
455.0,38600.0,38600.0,1,0,612,13,957,293,210,0,3,0,1,31,155,29
456.0,13200.0,13200.0,1,0,411,213,536,194,701,0,2,2,2,129,100,7
457.0,18300.0,18300.0,1,0,484,230,937,236,564,0,4,0,2,66,112,28
458.0,17300.0,17300.0,1,0,848,535,927,159,368,0,3,2,1,63,80,29
459.0,14700.0,14700.0,0,0,866,205,320,176,766,0,2,0,4,18,111,29
460.0,14700.0,14700.0,0,0,989,293,383,105,815,0,4,0,2,18,70,21
461.0,20300.0,20300.0,0,0,25,349,83,102,53,0,3,0,2,3,45,14
462.0,16200.0,16200.0,0,0,313,348,106,24,52,0,4,0,2,3,155,41
463.0,14700.0,14700.0,0,0,317,489,85,153,54,0,0,0,2,3,80,23
464.0,22300.0,22300.0,1,0,487,279,115,107,457,0,1,0,1,29,64,29
465.0,22300.0,22300.0,0,0,794,570,589,223,456,0,4,0,2,29,117,27
466.0,21300.0,21300.0,0,0,169,999,312,61,670,0,4,2,2,115,30,9
467.0,81200.0,81200.0,0,0,715,696,948,83,47,0,1,0,0,3,107,29
468.0,21300.0,21300.0,0,0,765,918,699,224,348,0,4,2,2,27,38,9
469.0,22300.0,22300.0,1,0,2,685,90,96,264,0,3,0,2,10,64,20
470.0,14700.0,14700.0,0,0,651,588,279,232,674,0,2,0,1,115,119,29
471.0,22300.0,22300.0,1,0,133,322,393,134,345,0,4,0,2,27,111,27
472.0,17300.0,17300.0,0,0,443,122,132,232,344,0,0,2,2,97,119,31
473.0,14700.0,14700.0,1,0,620,75,866,230,300,0,4,0,2,19,119,31
474.0,14700.0,14700.0,1,0,845,658,387,229,410,0,4,0,2,35,120,32
475.0,17300.0,17300.0,1,0,19,633,480,275,439,0,0,2,2,95,153,39
476.0,17200.0,17200.0,1,0,786,268,823,190,233,0,0,2,2,32,98,25
477.0,16200.0,16200.0,0,0,238,45,529,180,770,0,3,2,2,18,79,22
478.0,16200.0,16200.0,1,0,531,298,471,223,765,0,1,2,4,18,117,29
479.0,16200.0,16200.0,1,0,841,53,284,31,763,0,2,2,4,18,16,29
480.0,24400.0,24400.0,1,0,272,112,67,227,80,0,4,0,2,35,152,38
481.0,14700.0,14700.0,0,0,614,520,934,228,643,0,0,0,2,78,118,30
482.0,18300.0,18300.0,1,0,677,524,952,236,454,0,3,0,2,61,112,28
483.0,21300.0,21300.0,0,0,926,487,792,292,129,0,4,2,2,65,155,41
484.0,14700.0,14700.0,0,0,101,912,160,153,669,0,2,0,1,115,80,29
485.0,21300.0,21300.0,0,0,247,64,551,153,87,0,2,2,2,107,30,9
486.0,14700.0,14700.0,1,0,464,641,928,229,514,0,2,0,1,125,120,29
487.0,14700.0,14700.0,1,0,192,519,370,224,803,0,1,0,4,69,38,29
488.0,22300.0,22300.0,0,0,48,194,128,300,642,0,2,0,1,76,61,29
489.0,14700.0,14700.0,1,0,472,653,44,229,637,0,3,0,1,76,120,29
490.0,18300.0,18300.0,1,0,585,236,126,32,268,0,3,0,2,10,19,6
491.0,18300.0,18300.0,0,0,691,572,60,109,265,0,2,0,2,34,55,18
492.0,21300.0,21300.0,1,0,303,622,736,112,455,0,3,2,2,119,38,9
493.0,14700.0,14700.0,1,0,21,684,839,230,117,0,0,0,2,114,119,31
494.0,14700.0,14700.0,1,0,431,110,940,230,625,0,4,0,2,55,119,31
495.0,17300.0,17300.0,0,0,903,250,852,87,635,0,1,2,1,57,39,29
496.0,23400.0,23400.0,1,0,23,978,622,94,370,0,4,2,2,74,16,5
497.0,14700.0,14700.0,0,0,200,475,917,159,497,0,4,0,2,125,80,23
498.0,17200.0,17200.0,1,0,578,462,535,190,707,0,3,2,1,74,98,29
499.0,17200.0,17200.0,0,0,778,780,501,153,383,0,0,2,2,74,80,23
500.0,16200.0,16200.0,0,0,627,260,880,205,498,0,3,0,2,125,155,41
501.0,22300.0,22300.0,1,0,248,269,469,273,337,0,0,2,2,74,152,38
502.0,22400.0,22400.0,1,0,257,593,466,97,273,0,4,2,2,74,42,13
503.0,17200.0,17200.0,0,0,838,770,417,153,293,0,0,2,2,74,80,23
504.0,20300.0,20300.0,1,0,465,149,418,235,179,0,4,2,2,74,112,28
505.0,17200.0,17200.0,1,0,172,26,388,190,918,0,2,2,1,74,98,29
506.0,22400.0,22400.0,0,0,304,862,394,62,311,0,4,2,2,74,38,9
507.0,22300.0,22300.0,0,0,753,941,371,273,938,0,4,2,1,74,152,29
508.0,17200.0,17200.0,1,0,61,598,336,228,944,0,4,2,1,74,118,29
509.0,22300.0,22300.0,0,0,929,206,420,210,489,0,3,0,2,35,107,26
510.0,14200.0,14200.0,1,0,79,682,938,293,694,0,4,2,1,58,155,29
511.0,22300.0,22300.0,1,0,279,670,506,142,349,0,2,0,2,124,149,36
512.0,20300.0,20300.0,1,0,931,379,511,65,192,0,1,2,2,33,149,36
513.0,14700.0,14700.0,0,0,38,823,23,228,174,0,0,0,2,127,118,30
514.0,21300.0,21300.0,0,0,461,374,804,156,486,0,4,2,2,35,98,25
515.0,22300.0,22300.0,0,0,539,76,524,120,491,0,3,0,1,124,9,29
516.0,17200.0,17200.0,1,0,466,733,177,14,930,0,4,2,1,74,10,29
517.0,23400.0,23400.0,0,0,507,828,146,287,934,0,4,2,1,74,16,29
518.0,11100.0,11100.0,1,0,558,459,282,113,700,0,3,2,2,103,52,17
519.0,23000.0,23000.0,1,0,754,301,860,185,556,0,3,1,2,120,96,24
520.0,22300.0,22300.0,0,0,456,285,690,121,568,0,4,0,1,125,9,29
521.0,63900.0,63900.0,0,0,97,416,929,156,632,0,4,2,1,21,98,29
522.0,16200.0,16200.0,1,0,374,43,947,293,310,0,3,0,2,27,155,41
523.0,14700.0,14700.0,1,0,560,591,47,285,71,0,0,0,2,26,80,23
524.0,14700.0,14700.0,1,0,117,540,873,232,920,0,2,0,1,74,119,29
525.0,22300.0,22300.0,0,0,193,248,862,189,185,0,4,0,2,74,70,21
526.0,22300.0,22300.0,0,0,604,223,840,26,909,0,2,0,1,74,7,29
527.0,18300.0,18300.0,1,0,695,46,849,236,906,0,2,0,1,74,112,29
528.0,36600.0,36600.0,0,0,228,369,618,278,371,0,3,2,2,14,112,28
529.0,18300.0,18300.0,0,0,14,587,920,76,505,0,4,0,2,35,157,42
530.0,14700.0,14700.0,1,0,537,407,818,47,204,0,4,0,2,74,10,3
531.0,22400.0,22400.0,1,0,802,360,711,108,226,0,3,2,2,24,48,15
532.0,22400.0,22400.0,0,0,899,472,144,131,224,0,4,2,2,24,61,26
533.0,22300.0,22300.0,0,0,268,424,838,144,636,0,2,0,1,76,70,29
534.0,18300.0,18300.0,0,0,817,437,422,160,640,0,2,0,1,76,48,29
535.0,18300.0,18300.0,1,0,102,356,778,107,911,0,2,0,1,74,48,29
536.0,14700.0,14700.0,1,0,134,949,780,77,374,0,0,0,2,74,120,32
537.0,14700.0,14700.0,1,0,809,550,114,275,910,0,3,0,1,74,153,29
538.0,18300.0,18300.0,0,0,535,30,775,2,165,0,4,0,2,74,112,28
539.0,16200.0,16200.0,0,0,981,648,745,21,163,0,4,0,2,74,2,0
540.0,22300.0,22300.0,0,0,438,308,705,134,716,0,2,0,1,74,111,29
541.0,22300.0,22300.0,1,0,682,441,708,124,166,0,3,0,2,74,107,26
542.0,22300.0,22300.0,0,0,380,602,693,189,950,0,4,0,1,74,70,29
543.0,16200.0,16200.0,1,0,974,964,697,24,336,0,4,0,2,74,155,41
544.0,14700.0,14700.0,0,0,53,302,692,229,294,0,4,0,2,74,120,32
545.0,18300.0,18300.0,0,0,654,921,678,183,329,0,4,0,2,74,136,34
546.0,14700.0,14700.0,1,0,104,874,671,153,932,0,4,0,1,74,80,29
547.0,18300.0,18300.0,1,0,813,192,252,32,190,0,4,0,2,74,19,6
548.0,22300.0,22300.0,0,0,27,28,649,37,314,0,4,0,2,74,107,26
549.0,17300.0,17300.0,1,0,81,768,910,159,633,0,2,2,1,57,80,29
550.0,14700.0,14700.0,1,0,521,994,609,190,913,0,2,0,1,74,98,29
551.0,14700.0,14700.0,0,0,678,531,611,228,908,0,2,0,1,74,118,29
552.0,22300.0,22300.0,1,0,890,581,605,130,169,0,4,0,2,74,64,20
553.0,14700.0,14700.0,1,0,381,818,569,159,353,0,0,0,2,74,80,23
554.0,22300.0,22300.0,1,0,630,9,492,120,706,0,3,0,1,74,9,29
555.0,14200.0,14200.0,0,0,515,621,613,249,127,0,2,2,2,11,136,34
556.0,18300.0,18300.0,1,0,95,227,661,249,164,0,2,0,2,87,136,34
557.0,22300.0,22300.0,0,0,881,766,514,138,933,0,4,0,1,74,11,29
558.0,16200.0,16200.0,1,0,946,755,510,167,301,0,0,0,2,74,154,40
559.0,14700.0,14700.0,1,0,120,63,503,47,327,0,0,0,2,74,10,3
560.0,22300.0,22300.0,0,0,738,750,496,7,160,0,3,0,2,74,7,1
561.0,12000.0,12000.0,0,0,723,98,594,96,558,0,3,1,1,66,64,29
562.0,18300.0,18300.0,0,0,732,672,494,36,161,0,3,0,2,74,48,15
563.0,14700.0,14700.0,1,0,488,42,483,153,276,0,0,0,2,74,80,23
564.0,22300.0,22300.0,0,0,155,163,479,80,352,0,3,0,2,74,37,26
565.0,16200.0,16200.0,0,0,403,102,474,167,159,0,4,0,2,74,154,40
566.0,14700.0,14700.0,1,0,705,563,465,72,959,0,0,0,1,74,120,29
567.0,22300.0,22300.0,0,0,979,536,457,86,940,0,4,0,1,74,38,29
568.0,17300.0,17300.0,1,0,154,990,946,190,42,0,1,2,1,21,98,29
569.0,14700.0,14700.0,1,0,282,813,455,232,350,0,3,0,2,74,119,31
570.0,14700.0,14700.0,1,0,379,627,936,47,492,0,0,0,2,87,10,3
571.0,24400.0,24400.0,0,0,667,199,454,23,205,0,4,0,2,74,79,22
572.0,14700.0,14700.0,1,0,151,313,764,190,216,0,4,0,2,113,98,25
573.0,20300.0,20300.0,1,0,721,173,832,300,211,0,0,0,2,113,61,26
574.0,14700.0,14700.0,1,0,66,200,447,190,907,0,2,0,1,74,98,29
575.0,16200.0,16200.0,0,0,418,265,450,24,343,0,4,0,2,74,155,41
576.0,17200.0,17200.0,0,0,599,186,247,59,847,0,1,2,4,64,149,29
577.0,18300.0,18300.0,0,0,463,258,436,108,915,0,2,0,1,74,48,29
578.0,22300.0,22300.0,0,0,939,821,428,127,315,0,4,0,2,74,117,27
579.0,14700.0,14700.0,0,0,400,872,426,14,711,0,3,0,1,74,10,29
580.0,11100.0,11100.0,1,0,514,778,87,154,880,0,3,2,2,49,127,33
581.0,14700.0,14700.0,0,0,574,795,425,228,175,0,4,0,2,74,118,30
582.0,10100.0,10100.0,1,0,709,442,73,60,217,0,1,2,2,49,64,20
583.0,11600.0,11600.0,0,0,218,483,110,247,458,0,2,0,2,94,134,10
584.0,14700.0,14700.0,0,0,774,345,423,153,922,0,2,0,1,74,80,29
585.0,21300.0,21300.0,1,0,788,791,32,127,660,0,3,2,2,115,117,27
586.0,18300.0,18300.0,1,0,295,988,854,136,542,0,1,0,2,55,19,6
587.0,22300.0,22300.0,1,0,384,772,415,185,712,0,3,0,1,74,96,29
588.0,18300.0,18300.0,0,0,426,400,419,235,338,0,3,0,2,74,112,28
589.0,22300.0,22300.0,0,0,744,888,413,156,475,0,2,0,1,74,98,29
590.0,14700.0,14700.0,0,0,60,113,414,275,283,0,0,0,2,74,153,39
591.0,22300.0,22300.0,0,0,720,232,408,185,334,0,3,0,2,74,96,24
592.0,22300.0,22300.0,1,0,503,777,404,144,355,0,4,0,2,74,70,21
593.0,22300.0,22300.0,0,0,201,497,397,112,279,0,4,0,2,74,38,9
594.0,14700.0,14700.0,1,0,819,868,398,275,369,0,3,0,2,74,153,39
595.0,40600.0,40600.0,1,0,427,144,374,302,634,0,1,2,0,114,30,29
596.0,17300.0,17300.0,1,0,430,97,64,228,10,0,0,2,2,56,118,30
597.0,24400.0,24400.0,0,0,269,157,385,12,340,0,0,0,2,74,79,22
598.0,22400.0,22400.0,1,0,561,66,645,176,120,0,3,2,2,120,111,27
599.0,22300.0,22300.0,1,0,796,914,381,60,193,0,4,0,2,74,64,20
600.0,16200.0,16200.0,0,0,824,92,820,173,437,0,2,2,2,45,136,34
601.0,24400.0,24400.0,0,0,870,632,377,128,203,0,4,0,2,74,152,38
602.0,14700.0,14700.0,0,0,459,991,372,87,363,0,3,0,2,74,39,12
603.0,22300.0,22300.0,1,0,445,25,229,127,923,0,2,0,1,74,117,29
604.0,18300.0,18300.0,0,0,447,634,364,191,928,0,2,0,1,74,55,29
605.0,59400.0,59400.0,1,0,413,351,99,289,664,0,2,0,2,70,36,35
606.0,14700.0,14700.0,0,0,662,397,359,232,173,0,4,0,2,74,119,31
607.0,23400.0,23400.0,0,0,227,565,453,149,448,0,2,2,2,61,64,20
608.0,14700.0,14700.0,1,0,202,262,352,275,285,0,4,0,1,74,153,29
609.0,22300.0,22300.0,0,0,998,338,351,269,912,0,2,0,1,74,107,29
610.0,18300.0,18300.0,0,0,360,546,318,236,182,0,4,0,2,74,112,28
611.0,16200.0,16200.0,0,0,548,264,349,8,288,0,4,0,2,74,2,0
612.0,22300.0,22300.0,1,0,569,943,345,248,191,0,4,0,2,74,52,17
613.0,18300.0,18300.0,0,0,28,840,341,32,482,0,4,0,2,74,19,6
614.0,21300.0,21300.0,1,0,752,577,931,61,562,0,0,2,2,97,30,9
615.0,14700.0,14700.0,1,0,603,505,843,275,614,0,3,0,1,55,153,29
616.0,22300.0,22300.0,0,0,65,533,338,185,282,0,3,0,2,74,96,24
617.0,22300.0,22300.0,1,0,297,439,337,153,347,0,0,0,2,74,30,9
618.0,14700.0,14700.0,0,0,557,444,334,190,946,0,4,0,1,74,98,29
619.0,22300.0,22300.0,0,0,522,761,330,239,168,0,4,0,2,74,111,27
620.0,14700.0,14700.0,1,0,82,878,329,275,919,0,2,0,1,74,153,29
621.0,14700.0,14700.0,0,0,730,796,325,71,157,0,4,0,2,74,118,30
622.0,14700.0,14700.0,1,0,601,237,319,190,939,0,4,0,1,74,98,29
623.0,24400.0,24400.0,0,0,518,801,321,74,313,0,4,0,2,74,79,22
624.0,22300.0,22300.0,0,0,234,105,313,156,299,0,0,0,2,74,98,25
625.0,14700.0,14700.0,0,0,894,522,306,228,927,0,2,0,1,74,118,29
626.0,16200.0,16200.0,0,0,4,811,885,254,504,0,3,0,2,125,112,28
627.0,16200.0,16200.0,0,0,821,748,303,293,302,0,3,0,2,74,155,41
628.0,22300.0,22300.0,1,0,524,106,299,130,377,0,3,0,2,74,64,20
629.0,22300.0,22300.0,0,0,702,968,834,283,594,0,3,0,2,55,96,24
630.0,22300.0,22300.0,0,0,624,358,918,64,555,0,3,0,2,125,9,13
631.0,22300.0,22300.0,1,0,5,346,291,210,705,0,3,0,1,74,107,29
632.0,14700.0,14700.0,0,0,907,124,292,190,905,0,2,0,1,74,98,29
633.0,16200.0,16200.0,0,0,423,781,424,205,485,0,4,0,2,24,155,41
634.0,14700.0,14700.0,0,0,428,365,287,228,316,0,4,0,2,74,118,30
635.0,14700.0,14700.0,0,0,513,961,275,230,903,0,2,0,1,74,119,29
636.0,16200.0,16200.0,1,0,658,167,277,1,348,0,4,0,2,74,2,0
637.0,18300.0,18300.0,1,0,714,729,274,122,333,0,3,0,2,74,55,18
638.0,14700.0,14700.0,1,0,237,121,270,87,947,0,4,0,1,74,39,29
639.0,14700.0,14700.0,0,0,376,499,271,190,372,0,4,0,2,74,98,25
640.0,24400.0,24400.0,0,0,737,445,269,125,171,0,4,0,2,74,79,22
641.0,22400.0,22400.0,0,0,359,11,942,291,88,0,3,2,1,24,64,29
642.0,14700.0,14700.0,1,0,32,592,264,275,278,0,0,0,2,74,153,39
643.0,14700.0,14700.0,0,0,156,495,265,228,284,0,0,0,2,74,118,30
644.0,20300.0,20300.0,1,0,375,687,749,27,145,0,3,0,2,4,16,5
645.0,18300.0,18300.0,1,0,990,564,267,278,181,0,4,0,2,74,112,28
646.0,22300.0,22300.0,0,0,214,962,260,112,296,0,1,0,1,74,38,29
647.0,14700.0,14700.0,0,0,221,702,263,153,342,0,0,0,2,74,80,23
648.0,18300.0,18300.0,1,0,545,2,916,236,550,0,3,0,2,125,112,28
649.0,14700.0,14700.0,0,0,739,731,255,159,201,0,3,0,2,74,80,23
650.0,14700.0,14700.0,1,0,571,929,254,230,714,0,3,0,1,74,119,29
651.0,16200.0,16200.0,0,0,188,590,248,13,351,0,3,0,2,74,2,0
652.0,14700.0,14700.0,1,0,433,468,250,153,318,0,1,0,1,74,80,29
653.0,22300.0,22300.0,0,0,593,690,245,174,167,0,3,0,2,74,42,13
654.0,18300.0,18300.0,1,0,886,32,246,107,931,0,4,0,1,74,48,29
655.0,22300.0,22300.0,0,0,67,600,238,265,275,0,4,0,2,74,37,26
656.0,22300.0,22300.0,0,0,251,913,233,80,198,0,4,0,2,74,37,26
657.0,20300.0,20300.0,0,0,78,465,30,32,20,0,1,0,2,113,19,6
658.0,14700.0,14700.0,0,0,266,548,228,230,917,0,2,0,1,74,119,29
659.0,21300.0,21300.0,0,0,653,553,120,296,139,0,4,2,2,105,30,9
660.0,14700.0,14700.0,1,0,936,399,226,87,298,0,4,0,2,74,39,12
661.0,13200.0,13200.0,0,0,296,362,898,292,926,0,2,2,4,130,155,29
662.0,18300.0,18300.0,1,0,103,596,198,249,228,0,2,0,2,66,136,34
663.0,18300.0,18300.0,0,0,424,5,733,249,91,0,1,0,1,124,136,29
664.0,12000.0,12000.0,1,0,619,699,332,96,4,0,0,1,2,66,64,20
665.0,14700.0,14700.0,0,0,699,135,886,275,453,0,4,0,2,97,153,39
666.0,18300.0,18300.0,0,0,766,381,902,198,480,0,3,0,2,97,136,34
667.0,18300.0,18300.0,0,0,490,221,844,109,121,0,2,0,2,21,55,18
668.0,18300.0,18300.0,1,0,861,899,219,236,921,0,2,0,1,74,112,29
669.0,23400.0,23400.0,0,0,996,361,491,155,728,0,2,2,1,124,42,29
670.0,14700.0,14700.0,0,0,7,343,210,72,339,0,4,0,2,74,120,32
671.0,29400.0,29400.0,1,0,872,807,870,71,209,0,3,0,2,31,118,30
672.0,14700.0,14700.0,1,0,195,117,56,71,472,0,4,0,2,127,118,30
673.0,14700.0,14700.0,1,0,450,786,892,229,317,0,3,0,2,65,120,32
674.0,14700.0,14700.0,0,0,586,252,204,190,297,0,3,0,2,74,98,25
675.0,12500.0,12500.0,1,0,176,204,652,270,291,0,1,1,2,107,149,36
676.0,25000.0,25000.0,1,0,409,276,679,215,15,0,1,1,1,107,7,29
677.0,22300.0,22300.0,0,0,920,867,200,250,384,0,4,0,2,74,111,27
678.0,22300.0,22300.0,1,0,64,736,197,130,704,0,3,0,1,74,64,29
679.0,16200.0,16200.0,0,0,846,541,196,38,332,0,4,0,2,74,154,40
680.0,22300.0,22300.0,0,0,967,681,63,80,325,0,3,0,2,9,37,26
681.0,25400.0,25400.0,0,0,857,193,35,82,802,0,2,2,1,121,11,29
682.0,14700.0,14700.0,1,0,686,800,180,47,281,0,0,0,2,74,10,3
683.0,14700.0,14700.0,1,0,746,895,195,159,183,0,3,0,2,74,80,23
684.0,22300.0,22300.0,1,0,49,33,194,144,188,0,4,0,2,74,70,21
685.0,21300.0,21300.0,0,0,199,197,836,61,969,0,0,2,1,86,30,29
686.0,18300.0,18300.0,1,0,479,164,191,236,200,0,4,0,2,74,112,28
687.0,16200.0,16200.0,1,0,93,228,190,288,305,0,4,0,2,74,154,40
688.0,14700.0,14700.0,1,0,618,955,887,190,966,0,4,0,1,65,98,29
689.0,22300.0,22300.0,1,0,748,996,872,73,573,0,0,0,2,65,64,20
690.0,17200.0,17200.0,1,0,288,220,914,159,500,0,4,2,2,109,80,23
691.0,22300.0,22300.0,0,0,520,582,184,216,733,0,2,0,1,74,111,29
692.0,22300.0,22300.0,1,0,781,71,181,216,364,0,3,0,2,74,111,27
693.0,19300.0,19300.0,0,0,540,845,179,198,109,0,2,2,2,101,136,34
694.0,22300.0,22300.0,1,0,406,764,174,300,187,0,4,0,2,74,61,26
695.0,22300.0,22300.0,0,0,40,471,172,51,194,0,3,0,2,74,16,5
696.0,21300.0,21300.0,0,0,16,628,487,70,138,0,2,2,2,124,30,9
697.0,18300.0,18300.0,0,0,119,832,169,108,196,0,4,0,2,74,48,15
698.0,14700.0,14700.0,0,0,807,817,826,190,104,0,0,0,2,57,98,25
699.0,17300.0,17300.0,1,0,302,41,251,275,388,0,3,2,2,124,153,39
700.0,63900.0,63900.0,1,0,284,38,9,144,11,0,2,2,2,89,70,21
701.0,18300.0,18300.0,0,0,965,537,164,298,289,0,4,0,2,74,157,42
702.0,16200.0,16200.0,1,0,992,959,161,276,189,0,4,0,2,74,112,28
703.0,22300.0,22300.0,1,0,713,906,874,97,726,0,2,0,1,95,42,29
704.0,14700.0,14700.0,1,0,869,603,127,275,162,0,4,0,2,74,153,39
705.0,22300.0,22300.0,1,0,924,686,673,296,44,0,1,0,1,24,30,29
706.0,14700.0,14700.0,1,0,212,886,155,229,481,0,4,0,2,74,120,32
707.0,14700.0,14700.0,1,0,633,246,222,232,66,0,4,0,2,123,119,31
708.0,22300.0,22300.0,0,0,421,161,152,295,373,0,3,0,2,74,96,24
709.0,20300.0,20300.0,1,0,905,314,443,124,656,0,2,2,0,5,107,29
710.0,20300.0,20300.0,1,0,906,50,607,185,663,0,2,2,0,5,96,29
711.0,18300.0,18300.0,0,0,913,478,151,2,195,0,4,0,2,74,112,28
712.0,14700.0,14700.0,1,0,184,270,148,190,184,0,3,0,2,74,98,25
713.0,18300.0,18300.0,0,0,473,589,149,235,172,0,4,0,2,74,112,28
714.0,34400.0,34400.0,1,0,663,735,625,190,440,0,0,2,2,28,98,25
715.0,14700.0,14700.0,1,0,414,983,145,275,385,0,4,0,2,74,153,39
716.0,17200.0,17200.0,1,0,440,971,632,190,443,0,0,2,2,28,98,25
717.0,64800.0,64800.0,0,0,341,762,305,190,697,0,1,2,4,67,98,29
718.0,13000.0,13000.0,0,0,142,863,683,184,488,0,2,1,2,124,55,18
719.0,22300.0,22300.0,0,0,128,150,142,248,951,0,4,0,1,74,52,29
720.0,22300.0,22300.0,0,0,166,388,141,189,312,0,4,0,2,74,70,21
721.0,16200.0,16200.0,1,0,917,337,137,13,914,0,4,0,1,74,2,29
722.0,14700.0,14700.0,1,0,976,861,138,87,170,0,1,0,1,74,39,29
723.0,14700.0,14700.0,0,0,88,663,140,285,206,0,4,0,2,74,80,23
724.0,22300.0,22300.0,0,0,324,740,139,9,929,0,4,0,1,74,9,29
725.0,14700.0,14700.0,1,0,918,790,136,232,942,0,4,0,1,74,119,29
726.0,22300.0,22300.0,0,0,346,917,135,215,367,0,4,0,2,74,7,1
727.0,14700.0,14700.0,1,0,501,366,109,230,199,0,0,0,2,48,119,31
728.0,14700.0,14700.0,1,0,89,96,133,71,925,0,2,0,1,74,118,29
729.0,14700.0,14700.0,1,0,849,296,50,285,963,0,4,0,1,96,80,29
730.0,14700.0,14700.0,1,0,938,394,7,229,571,0,4,0,2,96,120,32
731.0,22300.0,22300.0,1,0,999,210,476,283,366,0,3,0,1,53,96,29
732.0,22300.0,22300.0,1,0,165,22,379,157,2,0,4,0,2,65,70,21
733.0,22400.0,22400.0,1,0,398,367,724,214,130,0,3,2,2,36,109,5
734.0,17200.0,17200.0,1,0,731,297,911,190,304,0,4,2,2,27,98,25
735.0,17300.0,17300.0,1,0,694,837,225,14,357,0,0,2,2,124,10,3
736.0,14700.0,14700.0,1,0,559,56,718,275,494,0,4,0,2,28,153,39
737.0,14700.0,14700.0,1,0,790,680,386,14,446,0,4,0,2,28,10,3
738.0,22300.0,22300.0,0,0,136,411,154,134,483,0,3,0,2,63,111,27
739.0,22400.0,22400.0,0,0,481,341,582,239,851,0,2,2,1,63,111,29
740.0,18300.0,18300.0,0,0,914,289,355,278,467,0,4,0,2,120,112,28
741.0,17300.0,17300.0,0,0,76,481,668,14,708,0,1,2,1,95,10,29
742.0,14700.0,14700.0,1,0,220,538,235,47,465,0,3,0,2,115,10,3
743.0,69100.0,69100.0,0,0,174,798,493,243,406,0,2,0,2,94,63,16
744.0,18300.0,18300.0,0,0,299,44,713,107,471,0,4,0,2,87,48,15
745.0,62000.0,62000.0,0,0,258,986,357,99,462,0,2,0,2,94,43,16
746.0,13900.0,13900.0,1,0,250,402,343,119,525,0,2,0,2,70,58,7
747.0,31200.0,31200.0,0,0,885,857,449,88,798,0,2,0,2,70,3,35
748.0,18300.0,18300.0,1,0,710,608,585,198,229,0,2,0,2,66,136,34
749.0,50800.0,50800.0,0,0,350,539,102,233,463,0,2,2,2,94,84,16
750.0,32500.0,32500.0,0,0,486,695,129,170,459,0,2,2,2,94,83,16
751.0,22400.0,22400.0,0,0,622,55,597,157,45,0,1,2,1,24,70,29
752.0,16200.0,16200.0,1,0,87,951,508,254,72,0,3,0,2,4,112,28
753.0,22300.0,22300.0,1,0,131,518,80,216,397,0,2,0,2,39,111,27
754.0,18300.0,18300.0,0,0,306,549,36,298,391,0,3,0,2,39,157,42
755.0,22300.0,22300.0,0,0,582,894,627,27,676,0,4,0,2,61,16,5
756.0,22300.0,22300.0,0,0,536,432,467,284,451,0,0,2,2,53,79,22
757.0,19300.0,19300.0,1,0,437,635,923,256,741,0,2,2,1,58,42,29
758.0,22300.0,22300.0,1,0,442,980,782,291,1,0,4,0,4,30,64,29
759.0,17300.0,17300.0,1,0,598,168,475,87,461,0,0,2,2,63,39,12
760.0,16200.0,16200.0,0,0,777,60,353,24,100,0,3,0,2,78,155,41
761.0,20300.0,20300.0,1,0,951,985,935,95,703,0,4,2,1,31,64,29
762.0,20300.0,20300.0,1,0,147,449,812,111,85,0,0,0,2,75,30,9
763.0,45700.0,45700.0,0,0,587,515,841,150,538,0,2,0,2,52,75,16
764.0,44600.0,44600.0,1,0,922,466,746,107,135,0,2,0,2,30,64,20
765.0,18300.0,18300.0,0,0,190,305,831,108,509,0,4,0,1,125,48,29
766.0,21300.0,21300.0,0,0,343,865,628,238,213,0,1,2,2,117,19,6
767.0,36600.0,36600.0,0,0,854,420,273,184,57,0,1,0,1,88,55,29
768.0,17300.0,17300.0,1,0,358,27,667,275,397,0,0,2,2,39,153,39
769.0,21300.0,21300.0,0,0,779,597,698,61,397,0,2,2,2,39,30,9
770.0,162000.0,162000.0,1,0,198,423,55,52,822,0,3,0,2,70,23,29
771.0,31500.0,31500.0,1,0,623,900,125,147,267,0,2,0,2,70,74,16
772.0,19800.0,19800.0,1,0,226,937,203,279,814,0,2,0,2,70,29,35
773.0,18300.0,18300.0,0,0,170,257,21,298,546,0,4,0,2,87,157,42
774.0,14700.0,14700.0,1,0,267,153,16,77,552,0,4,0,2,87,120,32
775.0,14700.0,14700.0,1,0,325,284,326,190,545,0,4,0,2,87,98,25
776.0,22300.0,22300.0,0,0,180,525,434,59,510,0,4,0,2,127,149,36
777.0,22300.0,22300.0,0,0,637,225,767,142,511,0,3,0,2,127,149,36
778.0,20300.0,20300.0,0,0,311,281,803,91,249,0,1,0,0,3,45,29
779.0,23000.0,23000.0,0,0,763,831,768,79,533,0,3,2,2,39,107,26
780.0,19200.0,19200.0,1,0,887,718,473,297,806,0,2,2,4,51,70,29
781.0,14700.0,14700.0,0,0,722,973,932,190,101,0,4,0,2,24,98,25
782.0,22300.0,22300.0,0,0,207,611,316,158,393,0,0,2,2,39,79,22
783.0,17300.0,17300.0,1,0,467,177,317,275,760,0,2,2,1,39,153,29
784.0,18300.0,18300.0,1,0,114,405,435,36,43,0,3,0,2,24,48,15
785.0,17300.0,17300.0,0,0,544,615,635,228,432,0,4,2,2,19,118,30
786.0,40700.0,40700.0,0,0,516,311,461,68,468,0,2,0,2,94,68,16
787.0,14700.0,14700.0,1,0,361,972,809,275,689,0,2,0,1,32,153,29
788.0,14700.0,14700.0,1,0,468,435,58,275,141,0,3,0,2,2,153,39
789.0,22300.0,22300.0,1,0,482,145,89,156,405,0,3,0,2,118,98,25
790.0,14700.0,14700.0,0,0,494,928,91,232,407,0,0,0,2,118,119,31
791.0,14700.0,14700.0,0,0,898,745,93,231,401,0,1,0,1,118,120,29
792.0,22300.0,22300.0,0,0,859,312,899,206,6,0,3,0,1,82,45,29
793.0,17300.0,17300.0,0,0,290,792,118,232,699,0,2,2,1,39,119,29
794.0,21300.0,21300.0,0,0,966,480,97,34,393,0,2,2,2,39,30,9
795.0,22400.0,22400.0,0,0,245,235,156,277,466,0,2,2,0,13,11,29
796.0,11500.0,11500.0,1,0,957,931,570,270,69,0,1,1,2,38,149,36
797.0,18300.0,18300.0,1,0,338,908,554,32,428,0,4,0,2,19,19,6
798.0,23400.0,23400.0,0,0,718,506,62,91,397,0,3,2,2,39,45,14
799.0,21300.0,21300.0,0,0,871,336,38,296,393,0,2,2,2,39,30,9
800.0,14700.0,14700.0,1,0,808,352,882,87,506,0,3,0,2,22,39,12
801.0,14700.0,14700.0,1,0,836,774,864,87,501,0,4,0,2,124,39,12
802.0,16200.0,16200.0,0,0,750,364,548,102,119,0,3,2,2,79,45,14
803.0,14000.0,14000.0,1,0,373,802,675,250,964,0,2,1,1,86,111,29
804.0,14000.0,14000.0,1,0,820,763,707,250,970,0,3,1,1,86,111,29
805.0,23400.0,23400.0,1,0,144,93,926,185,247,0,3,2,2,42,96,24
806.0,14700.0,14700.0,0,0,454,219,750,285,231,0,4,0,2,117,80,23
807.0,14700.0,14700.0,1,0,99,255,113,153,309,0,3,0,2,56,80,23
808.0,36600.0,36600.0,1,0,676,132,576,184,49,0,2,0,1,88,55,29
809.0,21300.0,21300.0,0,0,213,957,310,110,473,0,0,2,2,117,30,9
810.0,14700.0,14700.0,0,0,408,890,96,275,698,0,4,0,2,88,153,39
811.0,15200.0,15200.0,1,0,125,486,619,156,777,0,1,2,4,15,98,29
812.0,15200.0,15200.0,1,0,219,607,530,50,781,0,1,2,4,15,55,29
813.0,12100.0,12100.0,0,0,671,61,747,230,464,0,0,0,2,81,119,31
814.0,16200.0,16200.0,1,0,868,724,565,71,785,0,1,2,4,15,118,29
815.0,22300.0,22300.0,1,0,84,511,895,84,725,0,2,0,1,10,37,29
816.0,29400.0,29400.0,1,0,94,115,409,14,7,0,3,0,2,88,10,3
817.0,20300.0,20300.0,1,0,229,79,770,249,62,0,2,0,0,113,136,29
818.0,27400.0,27400.0,0,0,842,141,130,55,470,0,2,2,2,94,104,7
819.0,12100.0,12100.0,1,0,674,20,566,14,784,0,1,0,4,15,10,29
820.0,20300.0,20300.0,0,0,818,599,446,61,724,0,0,2,2,62,30,9
821.0,8100.0,8100.0,1,0,724,14,598,159,941,0,3,0,3,111,80,29
822.0,21300.0,21300.0,0,0,875,253,924,34,474,0,2,2,2,63,30,9
823.0,19300.0,19300.0,1,0,933,183,810,93,215,0,3,0,2,6,2,0
824.0,21300.0,21300.0,0,0,422,414,719,293,473,0,3,2,2,117,155,41
825.0,44600.0,44600.0,1,0,729,309,289,302,56,0,1,2,1,88,30,29
826.0,22400.0,22400.0,1,0,728,504,913,60,84,0,4,2,2,24,64,20
827.0,14700.0,14700.0,1,0,607,1,556,153,326,0,0,0,2,27,80,23
828.0,24400.0,24400.0,0,0,932,809,922,125,51,0,0,0,2,127,79,22
829.0,14700.0,14700.0,1,0,811,683,439,230,965,0,2,0,1,86,119,29
830.0,12100.0,12100.0,1,0,874,810,300,275,38,0,3,0,2,77,153,39
831.0,23400.0,23400.0,1,0,112,104,389,95,830,0,2,2,1,61,64,29
832.0,14200.0,14200.0,1,0,955,935,84,292,734,0,2,0,4,80,155,29
833.0,24400.0,24400.0,1,0,157,969,647,273,0,0,4,0,2,30,152,38
834.0,18200.0,18200.0,0,0,37,927,876,210,202,0,2,2,2,128,107,26
835.0,15200.0,15200.0,0,0,579,396,220,217,646,0,1,2,2,116,157,42
836.0,22300.0,22300.0,0,0,664,207,520,105,761,0,2,0,1,6,70,29
837.0,21300.0,21300.0,0,0,606,833,776,112,722,0,4,2,1,95,38,29
838.0,21300.0,21300.0,0,0,834,793,868,110,723,0,1,2,1,95,30,29
839.0,42600.0,42600.0,0,0,534,128,748,61,683,0,2,2,1,95,30,29
840.0,18300.0,18300.0,1,0,126,340,891,236,553,0,4,0,2,125,112,28
841.0,18300.0,18300.0,0,0,577,118,427,128,783,0,1,2,4,77,152,29
842.0,17300.0,17300.0,0,0,77,111,557,285,718,0,1,2,1,95,80,29
843.0,22400.0,22400.0,1,0,355,156,574,216,721,0,4,2,1,95,111,29
844.0,16200.0,16200.0,1,0,396,461,283,278,682,0,2,2,2,54,112,28
845.0,21300.0,21300.0,1,0,529,839,562,61,720,0,1,2,1,95,30,29
846.0,22400.0,22400.0,0,0,758,101,578,265,717,0,1,2,1,95,37,29
847.0,46800.0,46800.0,0,0,143,647,257,51,67,0,3,2,3,88,16,29
848.0,17200.0,17200.0,0,0,294,521,402,270,375,0,1,2,2,104,149,36
849.0,21300.0,21300.0,1,0,206,334,500,50,34,0,2,2,2,75,55,18
850.0,22300.0,22300.0,0,0,812,954,710,256,758,0,1,0,1,56,42,29
851.0,22300.0,22300.0,0,0,964,325,825,142,551,0,1,0,2,56,149,36
852.0,14700.0,14700.0,0,0,792,892,906,153,308,0,1,0,1,124,80,29
853.0,23400.0,23400.0,0,0,555,31,399,248,569,0,4,2,2,87,52,17
854.0,21300.0,21300.0,0,0,995,566,416,112,259,0,4,2,2,56,38,9
855.0,16200.0,16200.0,1,0,349,190,256,1,322,0,3,0,2,27,2,0
856.0,22400.0,22400.0,1,0,987,916,358,73,40,0,4,2,2,24,64,20
857.0,22400.0,22400.0,1,0,278,753,682,282,769,0,4,2,2,56,107,26
858.0,23400.0,23400.0,0,0,480,347,819,97,579,0,3,2,2,56,42,13
859.0,21300.0,21300.0,0,0,588,86,600,156,613,0,3,2,2,56,98,25
860.0,23400.0,23400.0,0,0,673,326,835,142,469,0,4,2,2,87,149,36
861.0,20300.0,20300.0,0,0,498,870,915,76,39,0,3,2,2,113,157,42
862.0,22300.0,22300.0,0,0,901,552,239,301,487,0,0,2,2,119,79,22
863.0,9100.0,9100.0,1,0,959,631,588,228,855,0,3,2,2,17,118,30
864.0,18300.0,18300.0,1,0,634,884,642,95,478,0,3,2,2,12,64,20
865.0,22400.0,22400.0,0,0,902,315,242,185,452,0,1,2,1,72,96,29
866.0,22300.0,22300.0,0,0,107,923,166,295,74,0,2,0,2,35,96,24
867.0,32500.0,32500.0,0,0,429,195,526,145,862,0,2,0,2,52,71,16
868.0,47200.0,47200.0,1,0,504,8,777,220,755,0,2,0,2,52,113,35
869.0,18300.0,18300.0,1,0,942,24,641,196,884,0,2,2,2,52,146,7
870.0,18300.0,18300.0,0,0,386,583,700,238,234,0,1,0,2,120,19,6
871.0,22300.0,22300.0,1,0,590,171,773,9,319,0,3,0,2,120,9,13
872.0,18300.0,18300.0,0,0,688,494,670,217,240,0,1,0,2,120,157,42
873.0,11100.0,11100.0,0,0,656,69,884,218,729,0,1,2,2,17,157,42
874.0,17200.0,17200.0,1,0,364,34,328,83,149,0,2,2,2,90,107,26
875.0,17200.0,17200.0,1,0,565,165,322,83,150,0,3,2,2,90,107,26
876.0,16200.0,16200.0,1,0,600,49,807,236,137,0,3,2,2,90,112,28
877.0,17200.0,17200.0,0,0,692,422,266,15,148,0,0,2,2,90,11,4
878.0,32400.0,32400.0,0,0,726,815,363,153,151,0,3,2,2,90,80,23
879.0,23400.0,23400.0,1,0,1,387,234,149,418,0,3,2,2,124,64,20
880.0,23000.0,23000.0,1,0,475,330,143,79,519,0,4,2,2,124,107,26
881.0,23400.0,23400.0,0,0,626,143,212,291,450,0,0,2,2,124,64,20
882.0,11600.0,11600.0,1,0,941,915,912,33,131,0,2,0,2,94,115,10
883.0,21300.0,21300.0,0,0,815,389,459,288,540,0,3,2,2,39,154,40
884.0,16200.0,16200.0,0,0,31,273,677,178,789,0,2,2,2,52,93,7
885.0,16200.0,16200.0,1,0,111,513,634,49,833,0,2,2,2,52,22,7
886.0,21300.0,21300.0,1,0,209,816,517,200,854,0,2,2,2,52,53,37
887.0,9100.0,9100.0,0,0,371,244,509,2,859,0,3,2,2,52,112,28
888.0,16200.0,16200.0,0,0,690,450,527,194,894,0,2,2,2,52,100,7
889.0,23500.0,23500.0,1,0,733,172,751,139,823,0,2,1,2,52,114,8
890.0,16200.0,16200.0,0,0,736,185,470,126,841,0,2,2,2,52,58,7
891.0,20300.0,20300.0,0,0,759,875,771,199,904,0,2,0,2,52,13,33
892.0,11100.0,11100.0,1,0,760,292,657,66,867,0,2,2,2,52,151,37
893.0,31500.0,31500.0,0,0,12,656,828,92,852,0,2,0,2,52,41,8
894.0,34500.0,34500.0,0,0,36,838,648,201,836,0,3,0,2,52,101,16
895.0,25400.0,25400.0,1,0,56,562,781,133,844,0,2,0,2,52,147,8
896.0,16200.0,16200.0,0,0,71,350,732,67,883,0,2,2,2,52,32,7
897.0,11100.0,11100.0,1,0,75,939,555,218,820,0,3,2,2,52,157,42
898.0,12100.0,12100.0,0,0,110,885,816,300,809,0,2,2,2,52,61,19
899.0,22800.0,22800.0,0,0,123,88,590,242,771,0,2,0,2,52,129,7
900.0,28400.0,28400.0,0,0,132,178,542,114,899,0,2,0,2,52,141,35
901.0,24000.0,24000.0,1,0,162,328,513,290,842,0,2,0,2,52,123,35
902.0,12100.0,12100.0,0,0,164,721,532,239,870,0,2,2,2,52,111,27
903.0,16200.0,16200.0,0,0,185,427,538,100,749,0,2,2,2,52,22,7
904.0,16200.0,16200.0,0,0,187,981,666,271,895,0,2,2,2,52,93,7
905.0,23000.0,23000.0,0,0,244,717,468,193,896,0,2,1,2,52,150,8
906.0,37600.0,37600.0,1,0,253,241,730,45,850,0,2,2,2,52,69,35
907.0,19800.0,19800.0,0,0,263,688,896,81,897,0,2,0,2,52,51,35
908.0,38600.0,38600.0,0,0,265,152,850,140,835,0,2,0,2,52,91,35
909.0,17300.0,17300.0,1,0,281,554,546,252,937,0,2,0,2,52,139,35
910.0,17300.0,17300.0,1,0,309,516,729,203,764,0,2,0,2,52,34,35
911.0,22300.0,22300.0,0,0,327,179,516,168,924,0,0,2,2,52,82,2
912.0,38600.0,38600.0,1,0,329,464,498,140,868,0,2,0,2,52,91,35
913.0,42700.0,42700.0,0,0,331,148,794,280,799,0,2,0,2,52,59,16
914.0,60000.0,60000.0,1,0,335,673,755,267,839,0,0,0,2,52,148,35
915.0,16200.0,16200.0,1,0,347,353,606,172,893,0,2,2,2,52,86,7
916.0,26400.0,26400.0,1,0,393,12,662,151,779,0,2,0,2,52,87,7
917.0,18300.0,18300.0,1,0,395,775,789,234,748,0,2,2,2,52,122,7
918.0,17300.0,17300.0,0,0,399,732,788,264,872,0,2,0,2,52,110,35
919.0,39600.0,39600.0,0,0,435,373,537,17,837,0,3,0,2,52,12,16
920.0,18300.0,18300.0,0,0,455,580,617,294,876,0,2,0,2,52,28,7
921.0,25800.0,25800.0,1,0,460,665,591,197,858,0,2,0,2,52,116,8
922.0,15200.0,15200.0,1,0,485,469,827,39,936,0,2,2,2,52,47,37
923.0,12100.0,12100.0,0,0,492,846,704,269,846,0,2,2,2,52,107,26
924.0,18300.0,18300.0,1,0,508,574,672,177,898,0,2,2,2,52,90,7
925.0,16200.0,16200.0,1,0,509,457,629,194,840,0,2,2,2,52,100,7
926.0,11100.0,11100.0,0,0,517,947,752,38,751,0,3,2,2,52,154,40
927.0,18300.0,18300.0,1,0,525,162,518,169,890,0,0,2,2,52,8,2
928.0,18300.0,18300.0,0,0,532,738,784,213,889,0,0,0,2,52,108,2
929.0,9100.0,9100.0,1,0,542,805,515,71,857,0,3,2,2,52,118,30
930.0,18300.0,18300.0,0,0,551,509,505,29,864,0,2,2,2,52,18,10
931.0,24400.0,24400.0,0,0,562,940,540,222,754,0,2,0,2,52,15,35
932.0,16200.0,16200.0,0,0,563,654,563,128,843,0,0,0,2,52,152,38
933.0,15200.0,15200.0,1,0,566,659,592,117,856,0,2,2,2,52,47,37
934.0,31500.0,31500.0,0,0,580,47,485,171,751,0,2,0,2,52,60,16
935.0,17300.0,17300.0,0,0,584,383,614,181,887,0,2,0,2,52,95,35
936.0,18300.0,18300.0,1,0,611,410,108,245,885,0,2,2,2,52,132,7
937.0,20000.0,20000.0,1,0,615,57,888,257,900,0,2,1,2,52,142,8
938.0,40700.0,40700.0,0,0,625,666,659,41,888,0,3,0,2,52,31,16
939.0,32500.0,32500.0,1,0,668,446,560,262,861,0,2,0,2,52,99,16
940.0,19800.0,19800.0,1,0,689,948,575,179,935,0,2,0,2,52,92,35
941.0,41600.0,41600.0,0,0,756,272,725,226,860,0,2,2,2,52,12,16
942.0,12100.0,12100.0,0,0,810,249,620,162,848,0,2,2,2,52,89,33
943.0,24400.0,24400.0,0,0,816,74,660,25,869,0,2,0,2,52,14,35
944.0,20300.0,20300.0,0,0,835,891,785,165,902,0,2,0,2,52,13,33
945.0,28400.0,28400.0,1,0,843,54,553,10,892,0,2,0,2,52,57,35
946.0,18300.0,18300.0,1,0,864,436,521,53,834,0,2,0,2,52,106,7
947.0,25400.0,25400.0,0,0,876,99,531,212,866,0,2,0,2,52,78,8
948.0,11100.0,11100.0,0,0,893,342,502,73,891,0,2,2,2,52,64,20
949.0,22800.0,22800.0,0,0,919,82,772,132,879,0,2,0,2,52,65,37
950.0,9100.0,9100.0,1,0,973,725,550,87,816,0,3,2,2,52,39,12
951.0,24400.0,24400.0,0,0,985,558,654,164,863,0,2,0,2,52,81,35
952.0,25800.0,25800.0,0,0,994,759,477,90,762,0,2,0,2,52,40,8
953.0,18300.0,18300.0,0,0,259,794,811,234,838,0,2,2,2,52,122,7
954.0,18300.0,18300.0,1,0,270,510,653,28,943,0,2,2,2,52,17,10
955.0,14200.0,14200.0,0,0,616,390,163,229,214,0,0,0,2,90,120,32
956.0,22400.0,22400.0,0,0,362,103,484,86,186,0,0,2,2,10,38,9
957.0,18300.0,18300.0,0,0,629,765,796,56,3,0,1,2,2,70,66,7
958.0,18300.0,18300.0,1,0,33,243,663,298,739,0,2,0,1,74,157,29
959.0,22300.0,22300.0,1,0,700,567,584,224,738,0,2,0,1,74,38,29
960.0,36600.0,36600.0,1,0,652,94,829,235,230,0,1,0,1,56,112,29
961.0,29400.0,29400.0,0,0,873,492,800,71,248,0,3,0,2,56,118,30
962.0,14700.0,14700.0,1,0,351,889,879,229,901,0,4,0,1,123,120,29
963.0,40600.0,40600.0,1,0,100,291,167,61,232,0,2,2,2,78,30,9
964.0,20300.0,20300.0,0,0,246,51,168,157,41,0,3,0,2,112,70,21
965.0,20300.0,20300.0,0,0,344,858,51,249,82,0,2,0,2,112,136,34
966.0,20300.0,20300.0,0,0,801,404,147,84,695,0,2,0,0,112,37,29
967.0,22300.0,22300.0,0,0,910,573,77,74,309,0,0,2,2,120,79,22
968.0,12500.0,12500.0,1,0,161,710,544,161,513,0,2,1,2,61,61,19
969.0,51800.0,51800.0,0,0,908,254,304,253,796,0,2,2,2,83,140,35
970.0,15200.0,15200.0,1,0,943,229,644,58,827,0,2,2,2,83,25,7
971.0,51800.0,51800.0,1,0,519,421,806,219,797,0,2,2,2,83,113,35
972.0,17300.0,17300.0,1,0,928,130,288,56,828,0,2,2,2,83,66,7
973.0,22300.0,22300.0,1,0,940,6,883,157,392,0,4,0,2,125,70,21
974.0,22300.0,22300.0,0,0,912,843,276,174,89,0,3,0,2,55,42,13
975.0,22300.0,22300.0,1,0,891,751,890,291,222,0,4,0,2,121,64,20
976.0,14700.0,14700.0,0,0,831,215,124,14,449,0,0,0,2,72,10,3
977.0,8100.0,8100.0,1,0,387,52,33,14,690,0,0,0,2,54,10,3
978.0,16200.0,16200.0,0,0,840,669,534,287,871,0,1,2,4,18,16,29
979.0,73500.0,73500.0,1,0,330,797,405,47,32,0,2,0,1,89,10,29
980.0,14700.0,14700.0,0,0,597,10,694,189,389,0,2,0,2,104,70,21
981.0,88200.0,88200.0,1,0,784,824,92,87,31,0,2,0,1,89,39,29
982.0,22300.0,22300.0,0,0,41,799,445,270,197,0,1,0,2,87,149,36
983.0,14700.0,14700.0,1,0,921,568,762,232,227,0,0,0,2,108,119,31
984.0,12100.0,12100.0,1,0,197,317,296,228,767,0,2,0,4,18,118,29
985.0,14700.0,14700.0,1,0,672,443,758,120,757,0,4,0,2,18,9,13
986.0,14700.0,14700.0,1,0,793,743,286,51,873,0,1,0,4,18,16,29
987.0,11600.0,11600.0,0,0,934,391,738,266,241,0,2,0,2,94,26,10
988.0,22400.0,22400.0,1,0,407,808,519,95,154,0,2,2,2,72,64,20
989.0,21300.0,21300.0,0,0,495,880,440,160,158,0,4,2,2,72,48,15
990.0,48900.0,48900.0,1,0,799,789,158,129,774,0,2,0,2,93,0,16
991.0,11200.0,11200.0,0,0,316,376,905,20,875,0,2,2,2,94,4,35
992.0,10500.0,10500.0,1,0,883,976,571,270,73,0,1,1,2,30,149,36
993.0,14700.0,14700.0,0,0,159,294,894,47,419,0,0,0,2,72,10,3
994.0,15200.0,15200.0,1,0,497,354,382,110,687,0,2,2,2,116,30,9
995.0,14700.0,14700.0,1,0,961,40,378,275,19,0,1,0,1,66,153,29
996.0,18300.0,18300.0,1,0,572,277,559,76,134,0,1,0,2,30,157,42
997.0,22300.0,22300.0,0,0,596,975,604,144,627,0,4,0,2,74,70,21
998.0,22300.0,22300.0,0,0,782,283,616,70,628,0,4,0,2,74,30,9
999.0,22300.0,22300.0,0,0,771,59,193,7,693,0,2,2,0,40,7,29
1000.0,17200.0,17200.0,1,0,526,89,842,190,176,0,1,2,1,10,98,29
,,,-1,-1,-1,-1,-1,-1,-1,0,-1,-1,-1,-1,-1,-1
